{"cameraMode":{"drawMode":0,"name":"Shaded","section":"Shading Mode"},"sceneLighting":false,"audioPlay":false,"sceneViewState":{"m_AlwaysRefresh":false,"showFog":true,"showSkybox":false,"showFlares":true,"showImageEffects":true,"showParticleSystems":true,"showVisualEffectGraphs":true,"m_FxEnabled":true},"in2DMode":false,"pivot":{"x":-0.13664984703063966,"y":1.0159997940063477,"z":1.1164456605911255},"rotation":{"x":-0.0001011446729535237,"y":0.9990161061286926,"z":-0.04479527845978737,"w":-0.0030113020911812784},"size":3.967985153198242,"orthographic":false}